{"Clonal Selection": {"params": [1.1491159219176312, 0.00012765110233511104, 0.0002960249962392321, 0.1100072995318117], "evolution": [0.2792236303765385, 0.27224712865074546, 0.2689186721828772, 0.2689186721828772], "time": "00:07"}, "Adaptative Random Search": {"params": [1.082448457071254, 0.00010987307386451063, 0.0001568224498840338, 0.10908376408727397], "evolution": [2.4898593033842373, 0.22113594369077422, 0.22113594369077422, 0.00902761599441287, 0.00902761599441287, 0.00902761599441287, 0.00902761599441287, 0.00902761599441287, 0.00902761599441287, 3.3489470455678345e-05], "time": "00:01"}}