{"Clonal Selection": {"params": [1.1491159219176312, 0.00012765110233511104, 0.0002960249962392321, 0.1100072995318117], "evolution": [0.2792236303765385, 0.27224712865074546, 0.2689186721828772, 0.2689186721828772], "time": "00:07"}}