{"Adaptative Random Search": {"params": [1.2, 0.0001981436543621044, 0.00017082633728682803, 0.109], "evolution": [0.30525298662677364, 0.3035874548889066, 0.28174025033904476, 0.28174025033904476, 0.28174025033904476, 0.28174025033904476, 0.28174025033904476, 0.28174025033904476, 0.28166077814747403, 0.2689097335735346, 0.2689097335735346, 0.2689097335735346, 0.2689097335735346, 0.26136989854070436, 0.26136989854070436, 0.26136989854070436, 0.26136989854070436, 0.26136989854070436, 0.26101143762202716, 0.26101143762202716, 0.26101143762202716, 0.26101143762202716, 0.26101143762202716, 0.26101143762202716, 0.26101143762202716, 0.26101143762202716, 0.26101143762202716, 0.26101143762202716, 0.26101143762202716, 0.26101143762202716, 0.26101143762202716, 0.26101143762202716, 0.26101143762202716, 0.26101143762202716, 0.26101143762202716, 0.2608053179083112, 0.2608053179083112, 0.2608053179083112, 0.2608053179083112, 0.2608053179083112, 0.26072857710594666, 0.26072857710594666, 0.26072857710594666, 0.26072857710594666, 0.26072857710594666, 0.26072857710594666, 0.26072857710594666, 0.26072857710594666, 0.26072857710594666, 0.26072857710594666], "time": "00:06"}}