{"Adaptative Random Search": {"params": [1.2, 0.0001981436543621044, 0.00017082633728682803, 0.109], "evolution": [0.30525298662677364, 0.3035874548889066, 0.28174025033904476, 0.28174025033904476, 0.28174025033904476, 0.28174025033904476, 0.28174025033904476, 0.28174025033904476, 0.28166077814747403, 0.2689097335735346, 0.2689097335735346, 0.2689097335735346, 0.2689097335735346, 0.26136989854070436, 0.26136989854070436, 0.26136989854070436, 0.26136989854070436, 0.26136989854070436, 0.26101143762202716, 0.26101143762202716, 0.26101143762202716, 0.26101143762202716, 0.26101143762202716, 0.26101143762202716, 0.26101143762202716, 0.26101143762202716, 0.26101143762202716, 0.26101143762202716, 0.26101143762202716, 0.26101143762202716, 0.26101143762202716, 0.26101143762202716, 0.26101143762202716, 0.26101143762202716, 0.26101143762202716, 0.2608053179083112, 0.2608053179083112, 0.2608053179083112, 0.2608053179083112, 0.2608053179083112, 0.26072857710594666, 0.26072857710594666, 0.26072857710594666, 0.26072857710594666, 0.26072857710594666, 0.26072857710594666, 0.26072857710594666, 0.26072857710594666, 0.26072857710594666, 0.26072857710594666], "time": "00:06"}, "Hill Climbing": {"params": [1.196257811251574, 0.0001665480817029551, 0.00025582670324213625, 0.10901447196073376], "evolution": [0.2965265223738172, 0.2965265223738172, 0.2965265223738172, 0.2965265223738172, 0.2965265223738172, 0.2965265223738172, 0.2965265223738172, 0.2965265223738172, 0.2965265223738172, 0.2965265223738172, 0.2965265223738172, 0.2965265223738172, 0.2965265223738172, 0.2965265223738172, 0.2965265223738172, 0.29652652237381694, 0.29652652237381694, 0.29652652237381694, 0.29652652237381694, 0.29624924514527473, 0.29624924514527473, 0.29624924514527473, 0.29624924514527473, 0.29624924514527473, 0.29624924514527473, 0.29624924514527473, 0.29562877251454067, 0.29562877251454067, 0.29562877251454067, 0.29562877251454067, 0.2812554786515781, 0.2812554786515781, 0.2812554786515781, 0.2812554786515781, 0.2812554786515781, 0.2812554786515781, 0.2812554786515781, 0.28125547865157796, 0.28125547865157796, 0.28125547865157796, 0.28125547865157796, 0.2759951776184279, 0.2759951776184279, 0.27599517761842784, 0.27599517761842784, 0.27599517761842784, 0.27599517761842784, 0.27599517761842773, 0.27599517761842746, 0.27599517761842746, 0.27599517761842746, 0.27599517761842746, 0.27599517761842746, 0.27599517761842746, 0.27599517761842746, 0.27599517761842746, 0.27599517761842746, 0.27599517761842746, 0.2613742609385387, 0.2613742609385387, 0.2613742609385387, 0.2613742609385387, 0.2613742609385387, 0.2613742609385387, 0.2613742609385387, 0.2613742609385387, 0.2613742609385387, 0.2613742609385387, 0.2613742609385387, 0.2613742609385387, 0.26125514746384265, 0.26125514746384254, 0.26125514746384254, 0.26125514746384254, 0.26125514746384254, 0.26125514746384254, 0.26125514746384254, 0.26125514746384254, 0.26125514746384254, 0.26125514746384254, 0.26125514746384254, 0.26125514746384254, 0.26125514746384254, 0.26125514746384254, 0.26125514746384254, 0.26125514746384254, 0.26125514746384254, 0.26125514746384254, 0.26125514746384254, 0.26125514746384254, 0.26125514746384254, 0.26125514746384254, 0.26125514746384254, 0.26125514746384254, 0.26125514746384254, 0.26125514746384254, 0.26125514746384254, 0.26125514746384254, 0.26125514746384254, 0.26125514746384254], "time": "00:06"}}